id,first_name,last_name,email,gender,ip_address
1,Dennie,Bjorkan,dbjorkan0@yellowpages.com,Male,1.122.133.157
2,Hagen,Anderton,handerton1@odnoklassniki.ru,Male,196.200.21.238
3,Anette,Tregonna,atregonna2@purevolume.com,Female,34.218.248.75
4,Deeanne,Dunkerley,ddunkerley3@usda.gov,Female,219.216.87.52
5,Barnett,Briereton,bbriereton4@ebay.com,Male,235.173.250.137
6,Andrus,Boutton,aboutton5@sohu.com,Male,175.254.222.43
7,Scott,Hickford,shickford6@amazonaws.com,Male,241.163.73.68
8,Conrado,Yashaev,cyashaev7@digg.com,Male,222.166.147.151
9,Isidore,Rollo,irollo8@archive.org,Male,144.45.0.57
10,Tarra,Sweetzer,tsweetzer9@bandcamp.com,Female,216.63.59.173
11,Iorgos,Al Hirsi,ialhirsia@mozilla.com,Male,197.14.22.229
12,Jenda,Bampkin,jbampkinb@buzzfeed.com,Female,71.137.211.166
13,Gay,Dumbellow,gdumbellowc@arstechnica.com,Male,189.144.40.27
14,Lilas,Aicken,laickend@homestead.com,Female,141.141.252.140
15,Bevvy,Henkmann,bhenkmanne@stanford.edu,Female,50.137.40.90
16,Bert,Jerromes,bjerromesf@livejournal.com,Male,102.129.50.207
17,Thorin,Ashwood,tashwoodg@youku.com,Male,216.75.173.26
18,Bertie,Albutt,balbutth@scientificamerican.com,Male,60.21.151.205
19,Gus,De Beauchemp,gdebeauchempi@dailymotion.com,Male,36.217.139.219
20,Tania,Madgin,tmadginj@ihg.com,Female,59.87.228.185
21,Alis,Towersey,atowerseyk@ehow.com,Female,243.1.134.252
22,Tammie,Darnbrough,tdarnbroughl@yahoo.co.jp,Female,2.19.151.165
23,Dionisio,Pedlingham,dpedlinghamm@nytimes.com,Male,113.218.226.161
24,Nan,Raitt,nraittn@bing.com,Female,187.248.121.224

50,Kareem,Dawidowicz,kdawidowicz1d@geocities.com,Male,125.190.250.136
51,Blayne,Lezemore,blezemore1e@istockphoto.com,Male,76.241.90.81
52,Izak,Taye,itaye1f@phpbb.com,Male,24.159.110.148
53,Minny,Frapwell,mfrapwell1g@jimdo.com,Female,46.130.115.176
54,Gaspard,Manjin,gmanjin1h@constantcontact.com,Male,81.110.13.14
55,Link,Hender,lhender1i@earthlink.net,Male,143.53.101.49
56,Waite,Konerding,wkonerding1j@google.com.hk,Male,127.223.13.52
57,Darrin,Habard,dhabard1k@tumblr.com,Male,69.45.85.86
58,Avrit,Brooksbie,abrooksbie1l@reverbnation.com,Female,162.204.187.174
59,Cullin,Neiland,cneiland1m@shareasale.com,Male,57.145.187.138
60,Rabbi,Warre,rwarre1n@wisc.edu,Male,127.14.156.67
61,Tanner,Satcher,tsatcher1o@ning.com,Male,240.117.91.152
62,Filippo,Carabet,fcarabet1p@bloglines.com,Male,252.201.206.32
63,Wilhelm,Eliesco,weliesco1q@spotify.com,Male,125.8.224.11
64,Hollis,Chastey,hchastey1r@dailymail.co.uk,Male,20.222.154.223
65,Maude,Hune,mhune1s@google.com.br,Female,174.242.150.210
66,Maritsa,Honsch,mhonsch1t@msn.com,Female,191.39.143.62
67,Augustin,Pollicott,apollicott1u@thetimes.co.uk,Male,92.13.50.229
68,Matthiew,Hannond,mhannond1v@simplemachines.org,Male,131.125.152.56
69,Viviana,Mogg,vmogg1w@telegraph.co.uk,Female,46.184.176.232
70,Morgun,Quiddington,mquiddington1x@dailymail.co.uk,Male,145.36.147.238
71,Lorna,Grasner,lgrasner1y@icio.us,Female,28.216.207.71
72,Tore,Klaessen,tklaessen1z@paginegialle.it,Male,116.33.138.54
73,Alexandra,Smallridge,asmallridge20@scribd.com,Female,79.0.56.243
74,Mathian,Matuszyk,mmatuszyk21@nytimes.com,Male,201.58.100.45
75,Bennett,Gallico,bgallico22@techcrunch.com,Male,205.13.159.193
76,Tobye,Inglefield,tinglefield23@icio.us,Female,85.166.34.56
77,Penny,Harrie,pharrie24@cnet.com,Male,143.174.163.46
78,Cherin,Demetr,cdemetr25@friendfeed.com,Female,28.252.86.52
79,Zuzana,Loughhead,zloughhead26@timesonline.co.uk,Female,130.245.167.238
80,Marilin,Lovegrove,mlovegrove27@google.cn,Female,5.87.111.14
81,Ricardo,Adlington,radlington28@scientificamerican.com,Male,10.149.10.9
82,Olivia,Arlott,oarlott29@phoca.cz,Female,238.153.102.183
83,Ronny,MacGray,rmacgray2a@canalblog.com,Female,54.125.202.192
84,Hamlen,Meachan,hmeachan2b@state.gov,Male,200.149.116.252
85,D'arcy,Pigott,dpigott2c@nifty.com,Male,0.234.86.5
86,Jacky,Eytel,jeytel2d@wired.com,Female,10.38.193.143
87,Gavrielle,Elstub,gelstub2e@tumblr.com,Female,74.166.149.155
88,Brigitte,Holburn,bholburn2f@bbb.org,Female,172.102.51.243
89,Guido,Ebrall,gebrall2g@issuu.com,Male,91.139.92.235
90,Ulla,Sjollema,usjollema2h@drupal.org,Female,52.81.84.98
91,Mar,Galton,mgalton2i@lycos.com,Male,66.145.153.95
92,Janette,Arnaudet,jarnaudet2j@narod.ru,Female,252.103.247.249
93,Meghan,Chrippes,mchrippes2k@theguardian.com,Female,125.100.32.226
94,Margareta,Campelli,mcampelli2l@squidoo.com,Female,135.24.163.154
95,Magdalena,Macklam,mmacklam2m@ask.com,Female,41.184.108.100
96,Zaria,Jakoviljevic,zjakoviljevic2n@tumblr.com,Female,174.31.196.13
97,Tibold,Brinicombe,tbrinicombe2o@irs.gov,Male,80.6.74.122
98,Meryl,Itscovitz,mitscovitz2p@mapy.cz,Female,214.126.179.224
99,Maurita,Shall,mshall2q@nytimes.com,Female,18.121.172.26
100,Gabi,Vaar,gvaar2r@marketwatch.com,Male,63.142.78.170
101,Brandi,Aizikovich,baizikovich2s@weibo.com,Female,211.188.132.153
102,Rory,D'Ambrosi,rdambrosi2t@github.com,Female,172.190.254.63
103,Clayborne,Buckbee,cbuckbee2u@miibeian.gov.cn,Male,235.213.245.141
104,Adrianna,De Biasi,adebiasi2v@elpais.com,Female,115.184.47.135
105,Vinni,Weddup,vweddup2w@csmonitor.com,Female,71.62.182.158
106,Colin,Barwis,cbarwis2x@posterous.com,Male,236.83.234.193
107,Ninon,Nizet,nnizet2y@jiathis.com,Female,10.42.216.244
108,Leora,Coller,lcoller2z@dedecms.com,Female,144.157.104.193
109,Wilfred,Eisikowitch,weisikowitch30@networksolutions.com,Male,141.187.117.206
110,Temple,Fold,tfold31@usnews.com,Male,127.222.158.165
111,Myrwyn,Korneichuk,mkorneichuk32@pinterest.com,Male,217.226.221.210
112,Gabrielle,Insall,ginsall33@people.com.cn,Female,13.144.40.249
113,Xerxes,Lampke,xlampke34@dyndns.org,Male,150.255.194.174
114,Ree,Handrek,rhandrek35@illinois.edu,Female,222.213.19.139
115,Franny,Scheffel,fscheffel36@smugmug.com,Male,183.57.19.194
116,Marney,Valentinetti,mvalentinetti37@bravesites.com,Female,63.171.207.129
117,Jorry,Georg,jgeorg38@nba.com,Female,108.172.69.53
118,Alisander,Bollam,abollam39@engadget.com,Male,68.221.148.90
119,Doll,Kindleysides,dkindleysides3a@i2i.jp,Female,65.28.34.140
120,Mart,Barthelemy,mbarthelemy3b@wikipedia.org,Male,119.61.36.227
121,Valerye,Tousey,vtousey3c@ibm.com,Female,141.108.94.1
122,Willey,Davydochkin,wdavydochkin3d@columbia.edu,Male,113.98.66.118
123,Carr,Schurcke,cschurcke3e@wikipedia.org,Male,164.228.216.201
124,Edyth,Cockshott,ecockshott3f@icq.com,Female,132.3.232.65
125,Romona,Cancellor,rcancellor3g@msu.edu,Female,221.91.4.19
126,Pembroke,Hutchinson,phutchinson3h@shop-pro.jp,Male,223.77.58.244
127,Bibi,Shirt,bshirt3i@theatlantic.com,Female,191.183.83.50
128,Haze,Kacheler,hkacheler3j@usda.gov,Male,16.182.188.226
129,Zerk,Riggoll,zriggoll3k@networkadvertising.org,Male,227.222.223.76
130,Derek,Jowers,djowers3l@oakley.com,Male,95.170.130.189
131,Jacquie,Trice,jtrice3m@51.la,Female,28.242.20.141
132,Nydia,Wyon,nwyon3n@marriott.com,Female,216.137.73.57
133,Willem,Haken,whaken3o@angelfire.com,Male,31.29.110.48
134,Lillis,Shipman,lshipman3p@hatena.ne.jp,Female,206.255.172.22
135,Marlo,Horstead,mhorstead3q@netvibes.com,Female,185.5.244.216
136,Saunders,Bunce,sbunce3r@nhs.uk,Male,180.212.59.16
137,Warner,Rawles,wrawles3s@myspace.com,Male,53.220.241.37
138,Philippa,Toone,ptoone3t@mit.edu,Female,201.156.82.201
139,Brit,Delia,bdelia3u@comcast.net,Female,104.236.58.96
140,Candy,Stagg,cstagg3v@exblog.jp,Female,59.133.179.208
141,Justen,Winscomb,jwinscomb3w@storify.com,Male,202.223.35.4
142,Jeno,Rouby,jrouby3x@w3.org,Male,197.130.13.85
143,Matthias,Veryard,mveryard3y@nytimes.com,Male,73.166.0.5
144,Aeriel,Skullet,askullet3z@imgur.com,Female,38.46.177.78
145,Gillian,Benazet,gbenazet40@wp.com,Female,148.92.119.85
146,Nels,Trunby,ntrunby41@squidoo.com,Male,3.49.64.240
147,Denna,Figura,dfigura42@ocn.ne.jp,Female,184.80.26.225
148,Ailee,Gush,agush43@homestead.com,Female,85.191.24.226
149,Loleta,Conws,lconws44@seattletimes.com,Female,100.211.231.46
150,Royce,Giller,rgiller45@bbc.co.uk,Male,51.105.243.23
151,Alard,Diggar,adiggar46@nbcnews.com,Male,183.153.113.194
152,Ronny,Nibley,rnibley47@histats.com,Male,254.129.103.133
153,Bryana,Cornelis,bcornelis48@ft.com,Female,130.51.224.92
154,Mirna,Cragell,mcragell49@edublogs.org,Female,188.239.159.208
155,Chalmers,Capell,ccapell4a@samsung.com,Male,25.22.89.164
156,Cullin,McCullock,cmccullock4b@mashable.com,Male,214.149.239.94
157,Farley,Reece,freece4c@amazon.co.uk,Male,231.146.22.186
158,Nicola,McGauhy,nmcgauhy4d@gravatar.com,Male,48.229.108.92
159,Jermaine,Boman,jboman4e@sohu.com,Female,46.218.77.138
160,Emanuele,Dockreay,edockreay4f@biglobe.ne.jp,Male,231.230.50.215
161,Holt,Dehm,hdehm4g@360.cn,Male,116.184.180.152
162,Howie,Maclean,hmaclean4h@people.com.cn,Male,134.186.171.200
163,Marlyn,Water,mwater4i@hao123.com,Female,233.247.117.153
164,Leslie,Pearn,lpearn4j@businessweek.com,Male,173.28.231.104
165,Shoshanna,Sellars,ssellars4k@bing.com,Female,64.153.53.186
166,Flinn,Marikhin,fmarikhin4l@businesswire.com,Male,181.143.146.227
167,Filbert,Bartlet,fbartlet4m@psu.edu,Male,132.252.148.186
168,Cindelyn,Weatherhill,cweatherhill4n@mediafire.com,Female,212.218.128.53
169,Celestyna,Pauli,cpauli4o@businessinsider.com,Female,21.86.22.103
170,Lorens,Skewes,lskewes4p@skyrock.com,Male,164.54.155.145
171,Kaylil,Lorinez,klorinez4q@hexun.com,Female,186.16.164.136
172,Vinnie,Hearn,vhearn4r@noaa.gov,Male,77.104.138.98
173,Rhianna,Pimerick,rpimerick4s@slideshare.net,Female,214.160.9.180
174,Raynard,Moat,rmoat4t@shutterfly.com,Male,242.10.253.104
175,Dulci,Harle,dharle4u@biglobe.ne.jp,Female,193.101.14.87
176,Hatty,Pafford,hpafford4v@yellowpages.com,Female,222.180.190.167
177,Marten,Aleso,maleso4w@usatoday.com,Male,187.167.250.175
178,Marie,Blanc,mblanc4x@census.gov,Female,119.111.92.96
179,Marsh,Persitt,mpersitt4y@cocolog-nifty.com,Male,113.74.56.17
180,Pierrette,Penning,ppenning4z@aol.com,Female,218.93.171.157
181,Cameron,Bantham,cbantham50@trellian.com,Male,207.171.32.141
182,Jessamyn,Jellett,jjellett51@mysql.com,Female,1.72.250.223
183,Bret,Auletta,bauletta52@pcworld.com,Male,145.130.77.37
184,Waldo,Strognell,wstrognell53@illinois.edu,Male,7.149.100.12
185,Allianora,Sagrott,asagrott54@oaic.gov.au,Female,8.10.1.98
186,Rayna,Stranieri,rstranieri55@marriott.com,Female,160.181.255.123
187,Jareb,Le Guin,jleguin56@google.pl,Male,129.31.222.1
188,Cleopatra,Mort,cmort57@storify.com,Female,227.201.0.208
189,Jacques,Seaborn,jseaborn58@i2i.jp,Male,152.3.168.120
190,Elora,Jachtym,ejachtym59@sakura.ne.jp,Female,77.129.0.172
191,Kele,Endersby,kendersby5a@microsoft.com,Male,154.140.49.251
192,Sly,Shambroke,sshambroke5b@diigo.com,Male,217.78.227.25
193,Renelle,Arangy,rarangy5c@si.edu,Female,31.35.230.56
194,Josephine,Penke,jpenke5d@shop-pro.jp,Female,251.26.28.188
195,Pepito,McCallam,pmccallam5e@aboutads.info,Male,52.4.198.113
196,Arny,Dealey,adealey5f@discovery.com,Male,80.142.14.111
197,Delaney,Weippert,dweippert5g@dell.com,Male,159.2.249.26
198,Aurthur,Kirwan,akirwan5h@jugem.jp,Male,133.62.196.27
199,Armin,Clohessy,aclohessy5i@hao123.com,Male,119.228.66.188
200,Izabel,Cobbe,icobbe5j@cafepress.com,Female,126.31.120.184
201,Hilton,Waltho,hwaltho5k@aol.com,Male,93.135.64.184
202,Laurena,Scarse,lscarse5l@blogs.com,Female,186.193.43.249
203,Angelique,Jobes,ajobes5m@gnu.org,Female,69.38.20.132
204,Roberto,Sturley,rsturley5n@miitbeian.gov.cn,Male,72.93.40.55
205,Dagmar,Brolechan,dbrolechan5o@google.ca,Female,154.41.166.240
206,Devon,Haggard,dhaggard5p@mediafire.com,Female,216.84.237.240
207,Jarvis,Petrushkevich,jpetrushkevich5q@github.io,Male,130.46.189.2
208,Sol,Mallion,smallion5r@tmall.com,Male,12.191.25.165
209,Egor,Braidford,ebraidford5s@cbc.ca,Male,85.36.182.49
210,Fletcher,Durtnell,fdurtnell5t@purevolume.com,Male,58.165.72.204
211,Kylen,Casotti,kcasotti5u@arizona.edu,Female,133.142.161.114
212,Farleigh,Mateja,fmateja5v@taobao.com,Male,44.180.76.96
213,Major,Stockney,mstockney5w@com.com,Male,32.225.40.88
214,Tim,Helleckas,thelleckas5x@yale.edu,Female,221.205.199.173
215,Erina,Patullo,epatullo5y@vk.com,Female,121.185.173.111
216,Rickert,Archbold,rarchbold5z@dmoz.org,Male,197.65.210.249
217,Maura,Minty,mminty60@harvard.edu,Female,87.133.164.122
218,Natassia,Siggins,nsiggins61@hubpages.com,Female,55.74.211.154
219,Hewett,Stevani,hstevani62@reddit.com,Male,143.160.81.178
220,Sorcha,Dumbarton,sdumbarton63@vinaora.com,Female,4.80.17.192
221,Worthington,Benning,wbenning64@loc.gov,Male,94.42.122.120
222,Allan,Maynard,amaynard65@jalbum.net,Male,38.216.99.89
223,Paulina,Watford,pwatford66@opera.com,Female,45.52.239.123
224,Bernardo,Pilkinton,bpilkinton67@shutterfly.com,Male,138.52.204.29
225,Meredithe,Feldhorn,mfeldhorn68@npr.org,Female,164.61.155.252
226,Gaile,Lepoidevin,glepoidevin69@netvibes.com,Male,215.166.102.99
227,Sterne,Fasse,sfasse6a@e-recht24.de,Male,193.124.87.203
228,Gaylor,Goodlife,ggoodlife6b@dailymotion.com,Male,171.192.82.228
229,Alia,Babe,ababe6c@taobao.com,Female,169.155.56.147
230,Chloette,Kinton,ckinton6d@dagondesign.com,Female,251.11.188.73
231,Kariotta,Gallafant,kgallafant6e@4shared.com,Female,191.104.31.35
232,Marvin,Dibb,mdibb6f@infoseek.co.jp,Male,230.64.190.4
233,Stan,Stanman,sstanman6g@usgs.gov,Male,82.20.75.166
234,Isaiah,Lacknor,ilacknor6h@photobucket.com,Male,50.191.153.126
235,Daveta,Thirwell,dthirwell6i@cargocollective.com,Female,103.100.247.31
236,Iago,Kubal,ikubal6j@i2i.jp,Male,232.71.40.36
237,Wanids,Verriour,wverriour6k@mac.com,Female,173.77.210.135
238,Cletus,Kevlin,ckevlin6l@irs.gov,Male,6.176.103.219
239,Gilles,Cartmer,gcartmer6m@virginia.edu,Male,144.25.23.184
240,Mellisa,Saulter,msaulter6n@hatena.ne.jp,Female,102.30.250.117
241,Lulita,Dorrance,ldorrance6o@cam.ac.uk,Female,254.134.209.138
242,Catina,Trevor,ctrevor6p@reverbnation.com,Female,159.113.97.143
243,Nelli,Pabelik,npabelik6q@geocities.jp,Female,68.53.38.136
244,Claude,Kacheller,ckacheller6r@mayoclinic.com,Female,197.163.155.10
245,Wolf,Jenteau,wjenteau6s@squidoo.com,Male,191.227.184.203
246,Lee,Easthope,leasthope6t@skyrock.com,Female,93.182.11.102
247,Felicia,Mellenby,fmellenby6u@diigo.com,Female,11.220.50.3
248,Eveline,Dobrowski,edobrowski6v@studiopress.com,Female,36.9.143.78
249,Joel,Sprigings,jsprigings6w@amazonaws.com,Male,5.134.133.24
250,Margette,Janic,mjanic6x@usatoday.com,Female,57.137.14.214
251,Muriel,Mousby,mmousby6y@biblegateway.com,Female,234.187.162.21
252,Alard,Tarbard,atarbard6z@miitbeian.gov.cn,Male,253.51.34.56
253,Else,Cathrall,ecathrall70@xinhuanet.com,Female,217.232.99.90
254,Moyna,Treen,mtreen71@ehow.com,Female,57.75.58.75
255,Shelley,MacNeely,smacneely72@imdb.com,Female,33.211.57.174
256,Dalton,Songist,dsongist73@rambler.ru,Male,215.184.19.227
257,Korella,Petrillo,kpetrillo74@hexun.com,Female,55.195.70.179
258,Efrem,Vasilyev,evasilyev75@elegantthemes.com,Male,109.46.55.101
259,Cinda,Tranfield,ctranfield76@uol.com.br,Female,69.173.218.26
260,Libby,Snasdell,lsnasdell77@addthis.com,Female,83.183.96.203
261,Curran,O'Brien,cobrien78@washington.edu,Male,110.229.224.177
262,Mary,Feek,mfeek79@symantec.com,Female,15.227.0.70
263,Pansie,Speke,pspeke7a@quantcast.com,Female,177.131.203.12
264,Silvester,Hanna,shanna7b@macromedia.com,Male,71.158.62.241
265,Lynea,Stein,lstein7c@paypal.com,Female,93.243.160.189
266,Arny,Akitt,aakitt7d@shinystat.com,Male,19.140.39.96
267,Roderic,Steeples,rsteeples7e@photobucket.com,Male,208.122.201.205
268,Engracia,Wimsett,ewimsett7f@oracle.com,Female,209.105.36.157
269,Shena,Drewet,sdrewet7g@sciencedaily.com,Female,18.143.119.126
270,Edmund,Radleigh,eradleigh7h@nytimes.com,Male,67.197.135.224
271,Gilles,Tidbury,gtidbury7i@cbsnews.com,Male,221.157.44.203
272,Clemmie,Crowcher,ccrowcher7j@themeforest.net,Male,115.11.170.190
273,Laurene,Philliphs,lphilliphs7k@newyorker.com,Female,47.61.16.45
274,Teddi,Seabon,tseabon7l@paginegialle.it,Female,151.197.137.67
275,Barri,Affuso,baffuso7m@icio.us,Male,159.249.231.194
276,Constancia,Clines,cclines7n@senate.gov,Female,121.28.73.226
277,Alford,Targetter,atargetter7o@acquirethisname.com,Male,65.64.230.119
278,Vickie,Rodenburgh,vrodenburgh7p@hc360.com,Female,101.218.235.57
279,Raddie,Lille,rlille7q@twitpic.com,Male,120.137.86.249
280,Creight,Walls,cwalls7r@dedecms.com,Male,186.27.182.199
281,Dale,Starr,dstarr7s@qq.com,Male,38.0.198.109
282,Paco,Zini,pzini7t@naver.com,Male,200.64.203.168
283,Ninnetta,Lemonby,nlemonby7u@barnesandnoble.com,Female,243.209.229.8
284,Heriberto,Kittredge,hkittredge7v@slashdot.org,Male,31.156.224.79
285,Daphne,Weedenburg,dweedenburg7w@ucoz.com,Female,252.208.86.56
286,Lilias,McDonough,lmcdonough7x@ucsd.edu,Female,182.68.145.187
287,Haleigh,Lidgard,hlidgard7y@furl.net,Male,21.21.127.253
288,Bronnie,Childes,bchildes7z@stanford.edu,Male,60.85.6.3
289,Sayre,Leachman,sleachman80@cpanel.net,Female,237.142.187.107
290,Northrop,Treen,ntreen81@e-recht24.de,Male,108.167.142.34
291,Corri,Setchell,csetchell82@unesco.org,Female,91.209.26.213
292,Lucretia,Greendale,lgreendale83@princeton.edu,Female,79.46.119.20
293,Meade,Lambotin,mlambotin84@meetup.com,Male,244.37.155.106
294,Sacha,Kampshell,skampshell85@narod.ru,Female,191.68.42.36
295,Sherlocke,Mackelworth,smackelworth86@google.co.jp,Male,172.88.255.187
296,Billy,Tavner,btavner87@cocolog-nifty.com,Male,179.25.209.254
297,Renault,Lassen,rlassen88@squarespace.com,Male,128.131.209.115
298,Dulciana,Berka,dberka89@posterous.com,Female,233.239.115.136
299,Roselin,Baversor,rbaversor8a@google.com.br,Female,50.8.144.237
300,Zita,Neylan,zneylan8b@csmonitor.com,Female,225.180.221.11
301,Nanon,Egle of Germany,negleofgermany8c@merriam-webster.com,Female,213.214.243.170
302,Bogey,Tather,btather8d@senate.gov,Male,147.129.102.188
303,Germaine,Hrishchenko,ghrishchenko8e@google.com.hk,Female,111.54.139.38
304,Jeffry,Schops,jschops8f@ft.com,Male,209.17.183.7
305,Charlotta,Ringrose,cringrose8g@ifeng.com,Female,94.84.36.220
306,Ebeneser,Fullicks,efullicks8h@wikipedia.org,Male,3.27.193.71
307,Elwyn,Weldon,eweldon8i@census.gov,Male,151.54.144.63
308,Monti,Josebury,mjosebury8j@tinypic.com,Male,23.223.178.90
309,Amaleta,Blare,ablare8k@skyrock.com,Female,62.83.54.234
310,Caitrin,Boobier,cboobier8l@ustream.tv,Female,177.71.143.100
311,Romeo,Eggerton,reggerton8m@theguardian.com,Male,126.109.199.44
312,Rafaelita,Barkworth,rbarkworth8n@abc.net.au,Female,176.197.52.194
313,Caldwell,Rominov,crominov8o@loc.gov,Male,42.17.102.226
314,Simmonds,Gladwin,sgladwin8p@so-net.ne.jp,Male,214.140.221.144
315,Seymour,Thursby,sthursby8q@baidu.com,Male,91.248.82.102
316,Carla,McCrum,cmccrum8r@mapquest.com,Female,178.146.189.165
317,Farica,Mallison,fmallison8s@google.de,Female,140.228.234.187
318,Deidre,Searson,dsearson8t@t-online.de,Female,153.245.167.43
319,Kimberly,Van Baaren,kvanbaaren8u@elegantthemes.com,Female,104.20.220.88
320,Ame,Whaplington,awhaplington8v@soup.io,Female,103.134.113.210
321,Lanie,Kiendl,lkiendl8w@ibm.com,Male,144.221.68.178
322,Washington,Flewett,wflewett8x@multiply.com,Male,139.51.176.203
323,Graig,Warsap,gwarsap8y@wired.com,Male,223.250.147.115
324,Derick,Morhall,dmorhall8z@trellian.com,Male,76.87.85.36
325,Isabelle,Shankland,ishankland90@friendfeed.com,Female,29.76.63.146
326,Lucine,Symms,lsymms91@omniture.com,Female,221.17.148.156
327,Elberta,Hallwell,ehallwell92@arstechnica.com,Female,35.143.231.173
328,Annora,Edinborough,aedinborough93@posterous.com,Female,132.70.145.75
329,Kevyn,Fetters,kfetters94@163.com,Female,118.113.252.52
330,Lynette,Weale,lweale95@1688.com,Female,83.245.165.106
331,Penn,Fierman,pfierman96@bing.com,Male,211.194.33.26
332,Alta,Dundendale,adundendale97@microsoft.com,Female,7.34.57.63
333,Clair,McTrustam,cmctrustam98@home.pl,Male,134.50.36.62
334,Eleanore,Fairbank,efairbank99@amazon.com,Female,240.167.209.142
335,Laney,Strutton,lstrutton9a@dyndns.org,Male,181.12.198.239
336,Arvin,Robertsen,arobertsen9b@jugem.jp,Male,97.205.26.29
337,Pryce,Lohden,plohden9c@clickbank.net,Male,136.82.137.32
338,Griz,Wickham,gwickham9d@guardian.co.uk,Male,232.86.22.84
339,Dean,Jendas,djendas9e@icq.com,Male,90.237.208.168
340,Eunice,Monkeman,emonkeman9f@buzzfeed.com,Female,98.176.74.209
341,Caz,Regglar,cregglar9g@vk.com,Male,191.208.66.16
342,Porter,Nutter,pnutter9h@earthlink.net,Male,112.52.125.153
343,Keir,Nurden,knurden9i@joomla.org,Male,134.61.221.208
344,Rodney,Varndall,rvarndall9j@elpais.com,Male,68.255.85.61
345,Tully,Ander,tander9k@statcounter.com,Male,21.96.19.33
346,Gates,Schlag,gschlag9l@domainmarket.com,Female,76.155.200.104
347,Novelia,Cashford,ncashford9m@amazonaws.com,Female,227.178.166.184
348,Ulrike,Greenacre,ugreenacre9n@elpais.com,Female,207.203.204.100
349,Emmott,Ebbens,eebbens9o@ow.ly,Male,218.168.79.193
350,Stewart,Sidwick,ssidwick9p@nih.gov,Male,59.14.242.216
351,Mareah,Drissell,mdrissell9q@cargocollective.com,Female,247.231.225.122
352,Adelle,Poge,apoge9r@sciencedaily.com,Female,163.251.13.88
353,Conn,Twinn,ctwinn9s@naver.com,Male,43.226.180.68
354,Angelica,Lideard,alideard9t@livejournal.com,Female,176.29.66.150
355,Tadeas,Riddiough,triddiough9u@shinystat.com,Male,52.211.122.232
356,Shepherd,Antao,santao9v@hc360.com,Male,232.239.212.196
357,Leif,Scullion,lscullion9w@narod.ru,Male,14.132.164.158
358,Shir,Babonau,sbabonau9x@cnbc.com,Female,37.134.193.31
359,Kirbee,Zealy,kzealy9y@instagram.com,Female,76.2.72.190
360,Corrie,Akker,cakker9z@samsung.com,Female,228.26.197.220
361,Geneva,Kernoghan,gkernoghana0@examiner.com,Female,224.37.46.200
362,Alene,Adame,aadamea1@boston.com,Female,220.74.200.231
363,Lamont,Haxley,lhaxleya2@wikia.com,Male,199.0.175.28
364,Mason,Polini,mpolinia3@bandcamp.com,Male,123.161.245.62
365,Torre,Bramah,tbramaha4@imdb.com,Male,82.5.219.188
366,Sheela,Grainge,sgraingea5@comcast.net,Female,125.102.102.47
367,Ashil,Wildsmith,awildsmitha6@squarespace.com,Female,186.33.27.73
368,Dominique,Ailward,dailwarda7@spiegel.de,Male,243.49.171.144
369,Berget,Motte,bmottea8@yellowpages.com,Female,236.62.103.14
370,Jaynell,Belch,jbelcha9@go.com,Female,230.142.172.97
371,Rolph,Postlewhite,rpostlewhiteaa@tinypic.com,Male,22.245.44.94
372,Abdel,Dust,adustab@163.com,Male,104.94.74.135
373,Dickie,Klimt,dklimtac@apple.com,Male,114.60.225.205
374,Korella,Gristock,kgristockad@moonfruit.com,Female,56.215.14.228
375,Eyde,Epperson,eeppersonae@nhs.uk,Female,243.230.245.20
376,Chane,Derisly,cderislyaf@wsj.com,Male,124.20.242.118
377,Lurline,Fort,lfortag@naver.com,Female,7.60.167.28
378,Deny,Moseley,dmoseleyah@lycos.com,Female,244.205.0.129
379,Israel,Bigglestone,ibigglestoneai@java.com,Male,203.222.199.106
380,Cinderella,Murrhardt,cmurrhardtaj@uol.com.br,Female,214.90.233.0
381,Colan,Veillard,cveillardak@51.la,Male,105.187.21.66
382,Denny,Howchin,dhowchinal@canalblog.com,Female,48.9.0.135
383,Cherlyn,Fridaye,cfridayeam@wired.com,Female,89.197.62.182
384,Rock,Kestle,rkestlean@comsenz.com,Male,30.157.129.23
385,Nancie,Dog,ndogao@accuweather.com,Female,114.95.71.192
386,Linn,Blay,lblayap@cnbc.com,Female,148.52.12.3
387,Ervin,Scutching,escutchingaq@sitemeter.com,Male,251.23.155.67
388,Elwin,Gierek,egierekar@msu.edu,Male,152.234.252.168
389,Nanni,Rissen,nrissenas@wufoo.com,Female,227.161.104.76
390,Annabela,McLoughlin,amcloughlinat@ucla.edu,Female,179.200.250.212
391,Hadlee,Ellwell,hellwellau@springer.com,Male,13.164.195.57
392,Tersina,Dane,tdaneav@youtube.com,Female,1.173.58.64
393,Emmet,Lawther,elawtheraw@ihg.com,Male,133.179.161.64
394,Shelley,Roj,srojax@economist.com,Male,169.41.239.118
395,Anatole,Colleton,acolletonay@phpbb.com,Male,64.76.17.35
396,Normie,Paget,npagetaz@usnews.com,Male,54.147.44.237
397,Kincaid,Dumke,kdumkeb0@typepad.com,Male,169.67.85.243
398,Cirillo,Pude,cpudeb1@dropbox.com,Male,243.111.27.177
399,Janka,MacGettigen,jmacgettigenb2@51.la,Female,38.155.75.11
400,Hoyt,Garrould,hgarrouldb3@dion.ne.jp,Male,108.100.224.145
401,Lucie,Trynor,ltrynorb4@patch.com,Female,125.94.53.247
402,Stevena,Southern,ssouthernb5@mit.edu,Female,169.217.74.115
403,Dominga,Smedmore,dsmedmoreb6@mozilla.org,Female,68.211.168.64
404,Esra,Daughtrey,edaughtreyb7@liveinternet.ru,Male,181.115.247.17
405,Marcellina,Dunley,mdunleyb8@seattletimes.com,Female,151.212.35.164
406,Dayle,Flaune,dflauneb9@seattletimes.com,Female,99.205.39.225
407,Lynnett,Reimer,lreimerba@mapquest.com,Female,233.123.147.199
408,Kerstin,Vescovo,kvescovobb@typepad.com,Female,105.125.112.123
409,Diarmid,Rarity,draritybc@deliciousdays.com,Male,216.117.53.163
410,Fowler,Habbert,fhabbertbd@xing.com,Male,178.129.143.86
411,Adlai,Pear,apearbe@theguardian.com,Male,20.90.5.162
412,Iorgos,Fontel,ifontelbf@google.es,Male,245.65.156.61
413,Jule,Serchwell,jserchwellbg@ebay.co.uk,Male,156.94.208.128
414,Robinia,MacElharge,rmacelhargebh@google.pl,Female,136.214.2.173
415,Willdon,Vanyard,wvanyardbi@house.gov,Male,202.29.47.77
416,Chery,Feasley,cfeasleybj@a8.net,Female,53.61.179.98
417,Monica,Gradwell,mgradwellbk@nature.com,Female,199.183.37.163
418,Desi,Pieroni,dpieronibl@sohu.com,Male,99.238.58.0
419,Basilius,Lawlee,blawleebm@jigsy.com,Male,216.144.193.104
420,Roselin,Simonard,rsimonardbn@blogs.com,Female,132.12.12.150
421,Jay,Kearns,jkearnsbo@senate.gov,Male,37.18.197.177
422,Valida,Mowsdale,vmowsdalebp@ebay.com,Female,81.125.120.163
423,Cary,Reynault,creynaultbq@yellowpages.com,Female,68.4.159.59
424,Kyrstin,Mowsdell,kmowsdellbr@businessinsider.com,Female,53.25.212.177
425,Vonny,Roscoe,vroscoebs@goo.ne.jp,Female,47.254.239.235
426,Germaine,Kyd,gkydbt@wufoo.com,Male,77.114.48.100
427,Henrieta,Stoneman,hstonemanbu@histats.com,Female,219.0.165.15
428,Alice,Barthorpe,abarthorpebv@sina.com.cn,Female,18.159.40.229
429,Susi,Sutterfield,ssutterfieldbw@zdnet.com,Female,76.190.102.223
430,Free,Davinet,fdavinetbx@lycos.com,Male,86.226.239.242
431,Hasheem,Ferdinand,hferdinandby@github.com,Male,182.48.217.253
432,Iain,Cane,icanebz@cbc.ca,Male,115.93.126.51
433,Crissy,O'Halloran,cohalloranc0@wunderground.com,Female,83.23.130.160
434,Humphrey,McGrail,hmcgrailc1@creativecommons.org,Male,86.153.18.164
435,Bee,Gibbard,bgibbardc2@wikispaces.com,Female,82.220.196.174
436,Wes,Summerson,wsummersonc3@thetimes.co.uk,Male,85.210.127.184
437,Margot,Sichardt,msichardtc4@plala.or.jp,Female,239.110.49.200
438,Rosalia,Thresh,rthreshc5@altervista.org,Female,105.249.162.155
439,Chilton,Lucey,cluceyc6@amazon.co.uk,Male,115.115.112.1
440,Alayne,Gilders,agildersc7@cbc.ca,Female,130.122.197.212
441,Gallard,Layland,glaylandc8@wikispaces.com,Male,116.17.223.101
442,Paulette,Arzu,parzuc9@microsoft.com,Female,105.18.93.14
443,Ursala,Windsor,uwindsorca@dailymail.co.uk,Female,154.111.207.94
444,Ethe,Whitely,ewhitelycb@so-net.ne.jp,Male,5.100.228.2
445,Gayle,Worboys,gworboyscc@europa.eu,Female,83.97.3.247
446,Madel,Carradice,mcarradicecd@google.com.br,Female,188.156.46.138
447,Moritz,Huot,mhuotce@chronoengine.com,Male,161.222.67.101
448,Rainer,Bugs,rbugscf@nbcnews.com,Male,214.44.219.127
449,Normie,MacParland,nmacparlandcg@washington.edu,Male,176.58.85.180
450,Norry,MacTrusty,nmactrustych@unesco.org,Female,239.53.14.186
451,Tawnya,Guilaem,tguilaemci@naver.com,Female,74.25.227.139
452,Dagmar,Senn,dsenncj@nps.gov,Female,159.14.170.91
453,Meagan,Brew,mbrewck@prweb.com,Female,181.121.197.76
454,Ethel,McDool,emcdoolcl@telegraph.co.uk,Female,185.92.216.122
455,Rora,Blakebrough,rblakebroughcm@aol.com,Female,127.99.65.190
456,Felipe,Geroldi,fgeroldicn@sciencedaily.com,Male,181.82.45.77
457,Grove,Acomb,gacombco@marketwatch.com,Male,89.236.251.208
458,Krissy,Pickerell,kpickerellcp@answers.com,Female,4.251.89.151
459,Othilie,Roscam,oroscamcq@clickbank.net,Female,8.114.192.31
460,Genia,Spary,gsparycr@bloglines.com,Female,148.55.209.52
461,Shauna,Butner,sbutnercs@pinterest.com,Female,49.208.220.171
462,Kelcy,Sustin,ksustinct@aboutads.info,Female,210.101.124.121
463,Skippie,Parvin,sparvincu@hp.com,Male,214.27.47.17
464,Ibrahim,Manklow,imanklowcv@netlog.com,Male,24.217.132.52
465,Krystyna,Bohan,kbohancw@soup.io,Female,213.49.137.94
466,Joelie,Tine,jtinecx@vistaprint.com,Female,221.162.174.238
467,Andrej,Lynock,alynockcy@imageshack.us,Male,109.187.107.229
468,Vi,Calabry,vcalabrycz@squarespace.com,Female,138.66.186.168
469,Holly,MacGorley,hmacgorleyd0@utexas.edu,Male,111.25.100.254
470,Shaine,Matthai,smatthaid1@example.com,Male,71.189.234.2
471,Melisent,Stoffel,mstoffeld2@bing.com,Female,238.23.240.113
472,Alexis,Skin,askind3@ted.com,Female,217.243.76.200
473,Myrta,Thatcham,mthatchamd4@ucoz.ru,Female,157.67.195.145
474,Eunice,Lynds,elyndsd5@who.int,Female,155.172.10.80
475,Chilton,Minget,cmingetd6@cbslocal.com,Male,73.20.4.45
476,Lari,Blunsen,lblunsend7@nbcnews.com,Female,50.247.131.87
477,Kacie,Sigars,ksigarsd8@fda.gov,Female,19.164.130.149
478,Maia,Hickisson,mhickissond9@mozilla.org,Female,229.145.234.243
479,Glennie,O'Calleran,gocalleranda@t-online.de,Female,233.27.224.149
480,Adrea,Theodoris,atheodorisdb@cornell.edu,Female,243.95.36.169
481,Kylynn,Graalman,kgraalmandc@irs.gov,Female,200.118.134.39
482,Shepperd,Sartain,ssartaindd@google.es,Male,218.42.48.88
483,Orlando,Wrigley,owrigleyde@hud.gov,Male,9.199.92.113
484,Batsheva,Comley,bcomleydf@economist.com,Female,26.36.60.44
485,Mariejeanne,Gaymer,mgaymerdg@nydailynews.com,Female,44.245.117.148
486,Margery,Piggford,mpiggforddh@webs.com,Female,171.190.118.82
487,Hans,Collett,hcollettdi@sohu.com,Male,238.53.108.130
488,Brigitte,Lauridsen,blauridsendj@businessinsider.com,Female,83.56.40.95
489,Davidde,Gotts,dgottsdk@hhs.gov,Male,65.97.228.152
490,Jedediah,Hamberstone,jhamberstonedl@wikia.com,Male,171.209.137.84
491,Prent,Abdey,pabdeydm@prnewswire.com,Male,126.200.48.164
492,Fabio,Doles,fdolesdn@fda.gov,Male,149.55.2.138
493,Aron,Mawd,amawddo@soup.io,Male,88.60.22.89
494,Rosalyn,Grishelyov,rgrishelyovdp@oracle.com,Female,54.254.157.250
495,Kimbra,Standall,kstandalldq@google.pl,Female,249.61.219.16
496,Gianina,Isherwood,gisherwooddr@dyndns.org,Female,76.254.86.164
497,Zaccaria,Austins,zaustinsds@ca.gov,Male,16.176.11.68
498,Blake,Rallinshaw,brallinshawdt@eepurl.com,Female,40.107.1.104
499,Agosto,Blabey,ablabeydu@amazon.com,Male,48.4.69.0
500,Osmond,Bessell,obesselldv@utexas.edu,Male,40.67.164.68
501,Darius,Pratte,dprattedw@answers.com,Male,122.114.165.250
502,Sibeal,Edge,sedgedx@pinterest.com,Female,116.228.216.232
503,Natassia,Rentenbeck,nrentenbeckdy@tuttocitta.it,Female,178.123.49.90
504,Ines,Palethorpe,ipalethorpedz@uol.com.br,Female,40.89.0.178
505,Leontyne,Nerney,lnerneye0@umich.edu,Female,24.234.12.175
506,Timoteo,Ivanaev,tivanaeve1@columbia.edu,Male,37.82.232.236
507,Ezri,Brister,ebristere2@umn.edu,Male,130.92.192.67
508,Jonas,Freiberg,jfreiberge3@blogtalkradio.com,Male,86.152.189.112
509,Blinny,Lavallin,blavalline4@virginia.edu,Female,238.132.130.164
510,Sarina,Jacques,sjacquese5@networksolutions.com,Female,118.255.232.199
511,Amble,Kipling,akiplinge6@businessinsider.com,Male,0.202.163.194
512,Maisey,Swedeland,mswedelande7@illinois.edu,Female,72.17.123.112
513,Cathleen,Gadaud,cgadaude8@google.it,Female,35.44.109.137
514,Mannie,Fitch,mfitche9@multiply.com,Male,168.85.55.202
515,Dorie,Galey,dgaleyea@mashable.com,Male,224.12.66.249
516,Chaddy,Gianotti,cgianottieb@feedburner.com,Male,58.204.105.13
517,Celestia,Got,cgotec@sitemeter.com,Female,202.223.63.45
518,Alaric,Ould,aoulded@pen.io,Male,137.55.158.84
519,Bessy,Tompkiss,btompkissee@istockphoto.com,Female,58.36.162.66
520,Umberto,Leinthall,uleinthallef@prlog.org,Male,178.204.221.160
521,Claiborne,Rump,crumpeg@dyndns.org,Male,52.78.25.203
522,Germain,Pirrey,gpirreyeh@cbsnews.com,Male,87.245.129.2
523,Aeriela,Wandtke,awandtkeei@linkedin.com,Female,112.137.156.238
524,Robbi,Geck,rgeckej@friendfeed.com,Female,237.239.24.37
525,Victoria,Orridge,vorridgeek@constantcontact.com,Female,44.136.105.75
526,Marve,Pundy,mpundyel@macromedia.com,Male,108.124.209.106
527,Marga,Moyne,mmoyneem@patch.com,Female,137.184.224.112
528,Isiahi,Trumble,itrumbleen@ebay.co.uk,Male,82.48.56.56
529,Koenraad,Boucher,kbouchereo@sitemeter.com,Male,194.104.176.73
530,Pearl,Keirl,pkeirlep@toplist.cz,Female,205.39.154.81
531,Clovis,Hadgraft,chadgrafteq@instagram.com,Female,58.8.8.98
532,Annis,Lates,alateser@ucsd.edu,Female,190.180.214.124
533,Julissa,Hartnell,jhartnelles@timesonline.co.uk,Female,82.250.85.176
534,Winny,Yearsley,wyearsleyet@theglobeandmail.com,Male,28.87.45.163
535,Opaline,Bedenham,obedenhameu@mozilla.org,Female,102.143.109.77
536,Mord,Palphramand,mpalphramandev@vkontakte.ru,Male,141.217.17.78
537,Dex,Vallens,dvallensew@nytimes.com,Male,49.86.172.229
538,Harley,Gatty,hgattyex@networksolutions.com,Male,113.2.136.137
539,Denver,Merwede,dmerwedeey@geocities.com,Male,130.164.23.213
540,Berry,Walcar,bwalcarez@sourceforge.net,Female,136.243.54.0
541,Tracee,Helling,thellingf0@discuz.net,Female,19.126.154.1
542,Byran,Calvard,bcalvardf1@stumbleupon.com,Male,197.207.130.92
543,Jarret,Colleck,jcolleckf2@elegantthemes.com,Male,0.243.170.222
544,Xever,Merrikin,xmerrikinf3@usatoday.com,Male,186.211.177.103
545,Chucho,Charlotte,ccharlottef4@tinypic.com,Male,233.127.205.132
546,Inness,Lelande,ilelandef5@lycos.com,Male,53.115.189.232
547,Luciano,Thor,lthorf6@amazon.com,Male,155.126.81.186
548,Calli,Nielson,cnielsonf7@goodreads.com,Female,31.78.83.139
549,Gwenny,Stiegers,gstiegersf8@toplist.cz,Female,63.193.138.175
550,Chere,Anscott,canscottf9@purevolume.com,Female,74.57.199.231
551,Culver,Gilphillan,cgilphillanfa@sakura.ne.jp,Male,188.71.36.146
552,Lazare,Farney,lfarneyfb@domainmarket.com,Male,90.35.245.106
553,Leoine,Avis,lavisfc@ibm.com,Female,67.209.133.188
554,Corby,Bonney,cbonneyfd@bloglines.com,Male,99.161.13.111
555,Hanni,Keford,hkefordfe@paginegialle.it,Female,239.6.241.232
556,Suzann,Macon,smaconff@squarespace.com,Female,17.91.113.211
557,Trisha,Bicheno,tbichenofg@ning.com,Female,4.190.80.60
558,Kristoffer,Stowe,kstowefh@hp.com,Male,174.55.195.35
559,Jerrilyn,McPartling,jmcpartlingfi@tripadvisor.com,Female,225.178.3.121
560,Muhammad,Annets,mannetsfj@msu.edu,Male,142.87.21.129
561,Erick,Jeeks,ejeeksfk@chron.com,Male,1.151.113.150
562,Cosetta,Haigh,chaighfl@sohu.com,Female,209.217.186.136
563,Jess,Braxton,jbraxtonfm@latimes.com,Male,10.194.172.169
564,Mycah,Kinsman,mkinsmanfn@dmoz.org,Male,178.145.212.219
565,Gavan,Goggins,ggogginsfo@dailymail.co.uk,Male,102.144.92.154
566,Pinchas,Zanutti,pzanuttifp@cbsnews.com,Male,84.117.148.126
567,Finley,Gatecliff,fgateclifffq@example.com,Male,36.67.254.203
568,Rudd,Burgot,rburgotfr@free.fr,Male,63.3.72.94
569,Joseito,Butter,jbutterfs@google.ru,Male,174.120.207.81
570,Michaella,Wiffler,mwifflerft@timesonline.co.uk,Female,143.67.235.49
571,Linoel,Handrok,lhandrokfu@de.vu,Male,82.182.169.166
572,Nobie,Stimpson,nstimpsonfv@ibm.com,Male,88.65.4.217
573,Justinn,Clement,jclementfw@amazon.co.jp,Female,243.188.111.251
574,Michell,Batey,mbateyfx@t-online.de,Female,78.182.182.165
575,Jehanna,Cranke,jcrankefy@shinystat.com,Female,193.93.42.233
576,Rudolph,Esley,resleyfz@chicagotribune.com,Male,160.128.84.132
577,Colleen,Corben,ccorbeng0@posterous.com,Female,119.19.73.35
578,Sutherlan,Readwing,sreadwingg1@narod.ru,Male,145.80.224.67
579,Faustine,Goney,fgoneyg2@jugem.jp,Female,113.150.138.122
580,Neil,Santry,nsantryg3@reddit.com,Male,57.125.113.34
581,Ruthe,Quickenden,rquickendeng4@independent.co.uk,Female,216.75.172.176
582,Ara,Kobpa,akobpag5@mapquest.com,Female,26.51.216.168
583,Helge,Taffs,htaffsg6@webeden.co.uk,Female,75.64.158.202
584,Tracie,Dolder,tdolderg7@amazon.com,Female,16.75.40.8
585,Bear,Alelsandrovich,balelsandrovichg8@admin.ch,Male,148.27.52.81
586,Miranda,Maycock,mmaycockg9@cmu.edu,Female,95.60.7.253
587,Rachelle,Schutze,rschutzega@delicious.com,Female,165.1.167.22
588,Barret,Primarolo,bprimarologb@mashable.com,Male,25.171.74.218
589,Aldin,Hasted,ahastedgc@live.com,Male,241.32.139.89
590,Lefty,Lillow,llillowgd@istockphoto.com,Male,7.180.52.210
591,Shanda,Rutgers,srutgersge@ted.com,Female,148.96.192.231
592,Walden,Greenrodd,wgreenroddgf@spiegel.de,Male,238.8.79.30
593,Roobbie,Golston,rgolstongg@un.org,Female,194.44.246.168
594,Jeanine,Cummungs,jcummungsgh@yellowpages.com,Female,213.8.47.223
595,Emmalyn,Rankling,eranklinggi@rediff.com,Female,185.226.197.187
596,Nikita,Kubin,nkubingj@tamu.edu,Male,106.103.152.213
597,Jarvis,Enrdigo,jenrdigogk@posterous.com,Male,30.174.170.151
598,Frank,Pluvier,fpluviergl@cnbc.com,Male,149.226.86.98
599,Amandie,Mitchelhill,amitchelhillgm@moonfruit.com,Female,22.187.251.226
600,Anestassia,Rathe,arathegn@yandex.ru,Female,232.193.80.75
601,Floria,Calvey,fcalveygo@ow.ly,Female,252.201.252.95
602,Mycah,Ortmann,mortmanngp@multiply.com,Male,201.203.147.224
603,Lissa,Wisby,lwisbygq@yolasite.com,Female,81.98.40.156
604,Tandy,Bertenshaw,tbertenshawgr@cam.ac.uk,Female,225.132.231.30
605,Kenon,Tollit,ktollitgs@fda.gov,Male,205.35.255.50
606,Sterne,McIlveen,smcilveengt@tinyurl.com,Male,25.69.175.252
607,Mile,Winnett,mwinnettgu@examiner.com,Male,207.14.79.209
608,Felicia,MacAndrew,fmacandrewgv@chronoengine.com,Female,73.123.137.68
609,Percy,Sybry,psybrygw@etsy.com,Male,205.221.254.239
610,Irma,Skeat,iskeatgx@ycombinator.com,Female,252.221.222.164
611,Deidre,Mandrier,dmandriergy@prnewswire.com,Female,248.253.186.218
612,Charmian,Avrahamov,cavrahamovgz@examiner.com,Female,186.191.236.146
613,Bernette,Wadsworth,bwadsworthh0@salon.com,Female,216.60.28.0
614,Gratiana,Brundell,gbrundellh1@mac.com,Female,51.163.62.185
615,Alfie,Clemonts,aclemontsh2@slate.com,Male,187.27.220.60
616,Prudi,Ebenezer,pebenezerh3@ucla.edu,Female,151.234.22.28
617,Otes,Cawsy,ocawsyh4@google.fr,Male,22.2.87.141
618,Gwennie,Spinelli,gspinellih5@twitpic.com,Female,122.21.239.78
619,Kerry,Castilljo,kcastilljoh6@usa.gov,Male,169.226.173.26
620,Bernardine,Simounet,bsimouneth7@kickstarter.com,Female,54.141.142.187
621,Marne,Gilding,mgildingh8@goo.ne.jp,Female,87.110.110.13
622,Carina,Cottrell,ccottrellh9@ca.gov,Female,53.191.74.33
623,Kalinda,Greenwell,kgreenwellha@ebay.co.uk,Female,34.206.78.187
624,Salim,Pavek,spavekhb@jalbum.net,Male,252.110.113.81
625,Brewer,Lambal,blambalhc@theatlantic.com,Male,75.61.83.100
626,Rogerio,Newland,rnewlandhd@smh.com.au,Male,255.48.74.134
627,Sapphire,Winkett,swinketthe@smugmug.com,Female,117.33.145.250
628,Nessa,Hise,nhisehf@people.com.cn,Female,175.108.244.135
629,Tim,Hay,thayhg@vimeo.com,Male,3.42.171.146
630,Terrill,Corstan,tcorstanhh@storify.com,Male,87.39.30.154
631,Tine,Rosewall,trosewallhi@bbc.co.uk,Female,88.148.225.229
632,Richart,Oldam,roldamhj@youtube.com,Male,159.147.122.182
633,Myra,Wimbush,mwimbushhk@360.cn,Female,134.110.7.58
634,Eva,Holborn,eholbornhl@feedburner.com,Female,36.245.98.165
635,Baxter,Disney,bdisneyhm@wordpress.com,Male,116.122.233.236
636,Livia,Robic,lrobichn@feedburner.com,Female,60.146.189.89
637,Nestor,Drakeley,ndrakeleyho@toplist.cz,Male,14.59.252.82
638,Samantha,Prue,spruehp@reverbnation.com,Female,246.240.228.201
639,Willetta,Mucklow,wmucklowhq@cmu.edu,Female,7.103.248.247
640,Wake,Hubble,whubblehr@merriam-webster.com,Male,85.44.81.6
641,Merissa,Pablo,mpablohs@4shared.com,Female,167.100.11.198
642,Lemar,Rostern,lrosternht@microsoft.com,Male,157.213.80.238
643,Harriet,Figgures,hfiggureshu@accuweather.com,Female,224.122.209.124
644,Pen,Claringbold,pclaringboldhv@whitehouse.gov,Female,23.80.24.20
645,Cristie,Portwain,cportwainhw@independent.co.uk,Female,139.148.69.127
646,Nathan,Cheine,ncheinehx@infoseek.co.jp,Male,162.152.31.131
647,Georas,Follin,gfollinhy@wix.com,Male,92.230.122.124
648,Allyn,Hooks,ahookshz@whitehouse.gov,Male,110.138.144.132
649,Shepperd,Cobbald,scobbaldi0@twitter.com,Male,209.182.135.169
650,Pierrette,Harries,pharriesi1@ebay.com,Female,39.5.39.87
651,Durant,Snowden,dsnowdeni2@virginia.edu,Male,31.210.51.215
652,Trula,Lambal,tlambali3@studiopress.com,Female,145.73.4.202
653,Carin,Langhorne,clanghornei4@parallels.com,Female,189.38.75.2
654,Berkley,Rubee,brubeei5@redcross.org,Male,176.181.121.170
655,Terri,Redholls,tredhollsi6@mail.ru,Male,249.179.232.213
656,Ilaire,Stubbins,istubbinsi7@phoca.cz,Male,114.1.23.178
657,Nariko,Shiers,nshiersi8@ed.gov,Female,81.199.220.81
658,Saxe,Boeter,sboeteri9@irs.gov,Male,98.219.84.0
659,Fin,Lineham,flinehamia@privacy.gov.au,Male,196.83.113.52
660,Pandora,Marle,pmarleib@oaic.gov.au,Female,51.114.20.68
661,Amby,Stoop,astoopic@google.es,Male,93.152.118.34
662,Janella,Gresley,jgresleyid@marriott.com,Female,107.12.95.226
663,Camilla,Endean,cendeanie@newyorker.com,Female,115.58.132.213
664,Christel,Chamberlin,cchamberlinif@msn.com,Female,167.31.211.78
665,Isabelita,Hillen,ihillenig@vkontakte.ru,Female,47.248.105.162
666,Nickie,Scarf,nscarfih@dot.gov,Female,142.83.71.9
667,Emilio,Elvish,eelvishii@homestead.com,Male,158.112.255.146
668,Meredeth,Dainter,mdainterij@salon.com,Male,109.105.100.208
669,Willetta,Bugdale,wbugdaleik@amazon.com,Female,158.152.26.120
670,Valeria,Gergus,vgergusil@unblog.fr,Female,15.38.148.56
671,Jacky,Pawling,jpawlingim@cbc.ca,Male,103.68.15.86
672,Herve,Brear,hbrearin@mapquest.com,Male,245.117.129.137
673,Thomasine,Holwell,tholwellio@shutterfly.com,Female,117.126.152.29
674,Darrick,Pilmer,dpilmerip@prnewswire.com,Male,23.62.88.60
675,Karie,Lodin,klodiniq@umn.edu,Female,201.219.153.249
676,Staffard,Carluccio,scarluccioir@irs.gov,Male,133.252.93.252
677,Basilius,Satchell,bsatchellis@tmall.com,Male,111.21.125.223
678,Durward,Panks,dpanksit@ycombinator.com,Male,112.231.115.223
679,Lucienne,Awmack,lawmackiu@vkontakte.ru,Female,122.149.221.237
680,Nico,Kinman,nkinmaniv@cocolog-nifty.com,Male,173.151.159.197
681,Stanford,Ledley,sledleyiw@go.com,Male,3.82.49.219
682,Boonie,Birkmyre,bbirkmyreix@google.com.br,Male,159.207.130.135
683,Bail,Woolmore,bwoolmoreiy@imageshack.us,Male,110.78.122.23
684,Mechelle,Edelheit,medelheitiz@auda.org.au,Female,32.36.56.139
685,Farlay,Ancketill,fancketillj0@nba.com,Male,150.105.30.69
686,Fianna,Beincken,fbeinckenj1@scientificamerican.com,Female,194.19.60.39
687,Georgine,Gratland,ggratlandj2@hud.gov,Female,225.70.117.189
688,Anselm,Tatlock,atatlockj3@blogger.com,Male,247.129.240.104
689,Beth,Skingley,bskingleyj4@soup.io,Female,124.41.149.89
690,Hanni,Craigheid,hcraigheidj5@edublogs.org,Female,243.8.62.214
691,Gabie,Jentzsch,gjentzschj6@elpais.com,Male,165.52.218.76
692,Dixie,Taree,dtareej7@huffingtonpost.com,Female,206.134.22.229
693,Megan,Durrand,mdurrandj8@theguardian.com,Female,65.170.86.219
694,Quincey,Scolli,qscollij9@oakley.com,Male,234.120.151.30
695,Bryana,Shaw,bshawja@seesaa.net,Female,191.2.26.38
696,Cooper,Sheach,csheachjb@wsj.com,Male,150.95.54.119
697,Jillian,Fahrenbacher,jfahrenbacherjc@ucsd.edu,Female,131.126.157.131
698,Dena,Howchin,dhowchinjd@biblegateway.com,Female,126.41.27.236
699,Alfie,Bagniuk,abagniukje@baidu.com,Male,10.56.204.100
700,Findley,Abba,fabbajf@forbes.com,Male,201.187.3.206
701,Sigismondo,Trippitt,strippittjg@behance.net,Male,144.129.162.182
702,Mikol,Flockhart,mflockhartjh@cnet.com,Male,141.48.48.96
703,Findlay,Bruckstein,fbrucksteinji@123-reg.co.uk,Male,147.144.71.139
704,Melisande,Rops,mropsjj@aol.com,Female,51.194.254.35
705,Jobie,Hollington,jhollingtonjk@com.com,Female,183.123.252.7
706,Michaela,Menloe,mmenloejl@opensource.org,Female,80.60.190.69
707,Sergio,Islep,sislepjm@wired.com,Male,135.194.81.186
708,Gunar,Grigolli,ggrigollijn@sun.com,Male,59.147.26.146
709,Annamarie,Fourcade,afourcadejo@nbcnews.com,Female,60.198.148.129
710,Shaylyn,Bouskill,sbouskilljp@google.de,Female,215.145.206.60
711,Stanleigh,Booley,sbooleyjq@opera.com,Male,232.245.185.5
712,Caressa,Gasnoll,cgasnolljr@house.gov,Female,49.243.252.27
713,Clive,Porcher,cporcherjs@latimes.com,Male,250.211.128.108
714,Ardelia,Bolstridge,abolstridgejt@disqus.com,Female,221.17.30.30
715,Natalie,Ghiron,nghironju@ow.ly,Female,174.116.112.155
716,Leon,Tousey,ltouseyjv@utexas.edu,Male,18.132.53.145
717,Tobe,Allam,tallamjw@msn.com,Male,29.176.141.187
718,Sheena,Kemetz,skemetzjx@stanford.edu,Female,212.30.1.236
719,Doyle,Gurry,dgurryjy@digg.com,Male,192.42.68.66
720,Wilie,Dregan,wdreganjz@ow.ly,Female,206.101.234.103
721,Hazel,Fears,hfearsk0@topsy.com,Male,29.242.214.158
722,Georgie,Alecock,galecockk1@livejournal.com,Female,103.141.3.169
723,Sabine,Bettley,sbettleyk2@about.me,Female,84.137.11.25
724,Anabella,Shilston,ashilstonk3@google.de,Female,49.216.33.149
725,Hewett,Sonschein,hsonscheink4@ocn.ne.jp,Male,88.244.117.226
726,Kira,Hacker,khackerk5@wikispaces.com,Female,30.138.102.202
727,Pearline,Henrionot,phenrionotk6@bizjournals.com,Female,205.149.129.61
728,Creighton,Strauss,cstraussk7@twitter.com,Male,52.53.68.101
729,Roy,McNea,rmcneak8@lulu.com,Male,64.101.5.201
730,Yankee,Ebbitt,yebbittk9@ocn.ne.jp,Male,77.116.27.104
731,Babbette,Albrighton,balbrightonka@prlog.org,Female,153.60.223.41
732,Fee,Bafford,fbaffordkb@intel.com,Male,57.132.103.173
733,Aurelie,Goford,agofordkc@tumblr.com,Female,89.122.35.174
734,Rem,Thaim,rthaimkd@fc2.com,Male,255.68.182.103
735,Ida,MacSweeney,imacsweeneyke@oakley.com,Female,160.182.0.36
736,Kellie,Duffie,kduffiekf@privacy.gov.au,Female,131.240.85.65
737,Caspar,Punton,cpuntonkg@prlog.org,Male,121.153.231.95
738,Wenona,Michallat,wmichallatkh@howstuffworks.com,Female,10.252.187.180
739,Tades,Waszczyk,twaszczykki@ovh.net,Male,193.177.218.22
740,Emmalee,Honeywood,ehoneywoodkj@ezinearticles.com,Female,219.175.169.205
741,Margi,Phalip,mphalipkk@tuttocitta.it,Female,242.209.147.156
742,Quinton,Frontczak,qfrontczakkl@livejournal.com,Male,214.150.96.210
743,Shepherd,Remirez,sremirezkm@deliciousdays.com,Male,77.153.198.162
744,Florencia,Twatt,ftwattkn@washingtonpost.com,Female,65.36.103.121
745,Gordan,Higounet,ghigounetko@homestead.com,Male,217.246.146.100
746,Tedd,Bowller,tbowllerkp@msu.edu,Male,57.196.204.214
747,Angy,Mobbs,amobbskq@tinyurl.com,Female,152.73.2.254
748,Roosevelt,Vasiliev,rvasilievkr@gnu.org,Male,68.24.102.221
749,Spence,Strasse,sstrasseks@pen.io,Male,68.195.206.5
750,Adelice,Scargle,ascarglekt@mac.com,Female,59.16.42.227
751,Beverlee,Humby,bhumbyku@utexas.edu,Female,57.78.199.53
752,Willey,Shitliff,wshitliffkv@slate.com,Male,221.162.186.142
753,Alec,Jorgesen,ajorgesenkw@discuz.net,Male,242.247.181.135
754,Evyn,McCarlich,emccarlichkx@unicef.org,Male,150.121.209.131
755,Hannis,Gaiter,hgaiterky@hexun.com,Female,96.46.0.106
756,Jarret,Harman,jharmankz@bravesites.com,Male,231.165.102.211
757,Fred,Polamontayne,fpolamontaynel0@g.co,Female,183.177.90.15
758,Blinny,Blakeley,bblakeleyl1@wiley.com,Female,192.121.206.35
759,Dukie,Polack,dpolackl2@cnn.com,Male,153.78.214.245
760,Arel,Clemencon,aclemenconl3@nifty.com,Male,218.8.198.36
761,Findlay,Myner,fmynerl4@theglobeandmail.com,Male,249.6.1.158
762,Thaxter,Witty,twittyl5@opera.com,Male,236.43.34.196
763,Ilyse,Bygraves,ibygravesl6@yelp.com,Female,144.147.50.36
764,Arlan,Keller,akellerl7@virginia.edu,Male,243.4.174.81
765,Daniella,Lafranconi,dlafranconil8@example.com,Female,112.210.148.52
766,Fons,Iveans,fiveansl9@apache.org,Male,47.192.201.117
767,Harlen,Crampton,hcramptonla@washington.edu,Male,157.218.227.109